CampaignID,Campaign_Name,Country,Yesterday_Impressions,Yesterday_Clicks,CTR,ACcount Name,Daily_Cap,Totoal_Goal,Start_Date,End_date
5a7969087e4fb77fe50006ec,Allspark: Qantas - Hamilton Island - 20217380 - 1 - 18-02-06-14:02:54,Australia,71589.0,2306.0,Qantas (6125),75000,320000,2018-02-07 00:00,2018-02-11 23:59
5a66d24b7e4fb79f23000016,Allspark: Big W  Baby Sale  - 201984841 - 1 - 18-01-23-11:11:56,Australia,73294.0,34.0,Big W (2361),180000,1500000,2018-02-01 00:00,2018-02-14 23:59
5a7753957e4fb75f7a00017c,Allspark: Facebook - Data Privacy - Feb-March 2018 - 10 - Croke Park Conference - F - 18-02-05-00:12:02,Ireland,109358.0,75.0,Allspark: Ad2One IE (4223),109273,102273,2018-02-08 00:00,2018-02-08 23:59
5a5daa227e4fb764b5000309,Allspark: FY18 Q2 L3 Entertainment TTV - Non-Streamer,Australia,77484.0,348.0,Allspark: Telstra OMD (9828),79524,2500000,2018-01-16 00:00,2018-02-26 23:59
5a7423f17e4fb73232000013,Allspark: C2#20225720_Tatts Lotteries_NSW - 2 - 18-02-02-14:02:45,Australia,31619.0,12.0,Allspark: MCN (5166),185000,425000,2018-02-04 00:00,2018-02-10 23:59
5a790c497e4fb77fe500003b,Allspark: AMEX POC H1 - 20234194 - 7 - 18-02-06-07:07:01,Australia,29811.0,257.0,Amex (5740),30000,1385741,2018-02-06 00:00,2018-03-31 23:59
5a790c9c7e4fb77fe5000047,Allspark: AMEX POC H1 - 20234194 - 9 - 18-02-06-07:07:28,Australia,29801.0,225.0,Amex (5740),30000,1385741,2018-02-06 00:00,2018-03-31 23:59
5a790bf37e4fb77fe500002f,Allspark: AMEX POC H1 - 20234194 - 5 - 18-02-06-07:07:36,Australia,29137.0,169.0,Amex (5740),30000,1385741,2018-02-06 00:00,2018-03-31 23:59
5a74253e7e4fb7321d0002f9,Allspark: C3#20225720_Tatts Lotteries_VIC TAS NT - 1 - 18-02-02-14:02:21,Australia,28788.0,1.0,Allspark: MCN (5166),63000,337500,2018-02-04 00:00,2018-02-10 23:59
5a1bdb037e4fb72971000086,Allspark: C1#20137308_Tafe QLD - 1 - 17-11-27-14:02:13,Australia,34202.0,300.0,Allspark: MCN (5166),36000,2062706,2017-11-27 00:00,2018-02-16 23:59
5a6732137e4fb736ac0000e6,Allspark: JP Morgan - Philippines - 1 - Cebu,Philippines,53207.0,563.0,Allspark: EUR IO (5749),56000,843333,2018-01-23 00:00,2018-03-18 23:59
5a72863e7e4fb72edb0000ba,Allspark: Medibank Private Feb2018 - 20181863 - 1 - 18-02-01-08:08:38,Australia,21407.0,107.0,Allspark: MCN (5166),45886,584795,2018-02-01 00:00,2018-02-28 23:59
5a72df667e4fb72ee9000023,Allspark: C1# Wipro Dashing/Aneka Warner - 1 - 18-02-01-15:03:22,Malaysia,83688.0,1399.0,Allspark: Aneka Warna (7812),88000,1181081,2018-02-02 00:00,2018-02-15 23:59
5a38970a7e4fb734c10002f4,Allspark: Sony OLED &amp; X1 2017 - 20171409 - 2 - 17-12-19-10:10:52,Australia,19979.0,114.0,Sony - AUS (2912),20000,1592079,2017-12-19 00:00,2018-03-31 23:59
5a728edd7e4fb72ee2000003,Allspark: C2#20065494_Sodastream_Shopping Centres_New - 1 - 18-02-01-09:09:18,Australia,31366.0,249.0,Allspark: MCN (5166),33000,258938,2018-02-01 00:00,2018-02-10 23:59
5a728f027e4fb72edb000145,Allspark: C2#20065494_Sodastream_Shopping Centres_New - 2 - 18-02-01-09:09:01,Australia,28562.0,215.0,Allspark: MCN (5166),30000,220000,2018-02-01 00:00,2018-02-10 23:59
5a6d725a7e4fb782cd000074,Allspark: C1#World Science 2018 - 1 - 18-01-28-12:12:27,Australia,28509.0,675.0,Allspark: MCN (5166),30000,708333,2018-01-28 00:00,2018-03-03 23:59
5a5daa2e7e4fb764b5000310,Allspark: FY18 Q2 L3 Entertainment TTV - SinkDink,Australia,33936.0,94.0,Allspark: Telstra OMD (9828),35715,1500000,2018-01-16 00:00,2018-02-26 23:59
5a7425627e4fb7321d0002ff,Allspark: C3#20225720_Tatts Lotteries_VIC TAS NT - 2 - 18-02-02-14:02:54,Australia,21674.0,18.0,Allspark: MCN (5166),63000,337500,2018-02-04 00:00,2018-02-10 23:59
5a7422a57e4fb73232000004,Allspark: C1#20225720_Tatts Lotteries_QLD Newsagent - 2 - 18-02-02-14:02:13,Australia,20872.0,18.0,Allspark: MCN (5166),140000,337901,2018-02-04 00:00,2018-02-10 23:59
5a66ed567e4fb7111400003e,Allspark: Home Loans Q2FY18 Direct Display - 20203868 - 2 - 18-01-23-13:01:19,Australia,25813.0,186.0,Allspark: MCN (5166),37509,1800000,2018-02-01 00:00,2018-03-31 23:59
5a618b677e4fb790380001a2,Allspark: C1# Equitone APAC burst 2 Jan/ Mediadonuts -AUS,Australia,30490.0,404.0,Allspark: SEA IO (2653),32000,398060,2018-01-20 00:00,2018-02-28 23:59
5a77f4347e4fb76f5100017c,Allspark: Electoral Commission of SA - 20239632 - 1 - 18-02-05-11:11:09,Australia,22510.0,81.0,SA GOV (4007),30000,500000,2018-02-05 00:00,2018-02-23 23:59
5a685fa67e4fb742a0000198,Allspark: C1#20071222_Translink North Lakes - 1 - 18-01-24-15:03:21,Australia,17783.0,41.0,Allspark: MCN (5166),18705,523726,2018-01-29 00:00,2018-02-25 23:59
5a4721507e4fb7583a000044,Allspark: Sainsbury&#x27;s UK - 2 - 17-12-30-10:10:59,United Kingdom,40366.0,41.0,Allspark: Ad2One UK (7226),40000,603863,2018-01-28 00:00,2018-02-25 23:59
5a1b79767e4fb76811000027,Allspark: C1#20065494_Sodastream - 1 - 17-11-27-08:08:00,Australia,20223.0,141.0,Allspark: MCN (5166),20275,1784938,2017-11-26 00:00,2018-02-10 23:59
5a742bce7e4fb7321d000328,Allspark: Bunnings Albury - 20209322 - 2 - 18-02-02-14:02:19,Australia,14605.0,54.0,Allspark: MCN (5166),15364,625000,2018-02-05 00:00,2018-03-31 23:59
5a5daa397e4fb764b5000317,Allspark: FY18 Q2 L3 Entertainment TTV - Streamer,Australia,22629.0,74.0,Allspark: Telstra OMD (9828),23810,1000000,2018-01-16 00:00,2018-02-26 23:59
5a66ed327e4fb71114000035,Allspark: Home Loans Q2FY18 Direct Display - 20203868 - 1 - 18-01-23-13:01:42,Australia,18664.0,182.0,Allspark: MCN (5166),36509,1800000,2018-02-01 00:00,2018-03-31 23:59
5a7422827e4fb728cb000004,Allspark: C1#20225720_Tatts Lotteries_QLD Newsagent - 1 - 18-02-02-14:02:37,Australia,29572.0,56.0,Allspark: MCN (5166),140000,337901,2018-02-04 00:00,2018-02-10 23:59
5a77537f7e4fb75f7a000176,Allspark: Facebook - Data Privacy - Feb-March 2018 - 9 - Croke Park Conference - M - 18-02-05-00:12:41,Ireland,104387.0,134.0,Allspark: Ad2One IE (4223),108273,102273,2018-02-08 00:00,2018-02-08 23:59
5a742bac7e4fb7321d000322,Allspark: Bunnings Albury - 20209322 - 1 - 18-02-02-14:02:46,Australia,13784.0,58.0,Allspark: MCN (5166),15364,625000,2018-02-05 00:00,2018-03-31 23:59
5a0aae7b7e4fb704c10000fb,Allspark: McCusker Drug Aware  -  20089184 - 2 - 17-11-14-14:02:47,Australia,11498.0,13.0,MHC (6872),11000,526316,2017-11-19 00:00,2018-05-17 23:59
5a709c907e4fb70ebc000293,Allspark: Ford 2018 Q1 Retail - 1 - 18-01-30-21:09:28,New Zealand,21382.0,92.0,Allspark: MADE Media (1126),22709,1339791,2018-01-31 11:00,2018-03-31 09:59
5a577d9e7e4fb79e32000338,Allspark: Ford FDAF Q1 Jan-March - 20185737 - 1 - 18-01-11-20:08:42,Australia,13988.0,194.0,Ford (8352),14000,1000000,2018-01-11 00:00,2018-03-29 23:59
5a577dde7e4fb79e32000348,Allspark: Ford FDAF Q1 Jan-March - 20185737 - 3 - 18-01-11-20:08:46,Australia,13977.0,76.0,Ford (8352),14000,1000000,2018-01-11 00:00,2018-03-29 23:59
5a4721597e4fb7583a00004d,Allspark: Sainsbury&#x27;s UK - 3 - 17-12-30-10:10:08,United Kingdom,34188.0,46.0,Allspark: Ad2One UK (7226),35000,560000,2018-01-28 00:00,2018-02-25 23:59
5a7149b87e4fb70aff0000bd,Allspark: Mitsubishi February - 20226152 - 1 - 18-01-31-10:10:08,Australia,12960.0,71.0,Mitsubishi (3574),13000,323533,2018-02-01 00:00,2018-02-28 23:59
5a6a87fb7e4fb771d1000018,Allspark: Massey University Countdown Timer - 2 - 18-01-26-07:07:04,New Zealand,19375.0,50.0,Allspark: MADE Media (1126),19696,551472,2018-01-26 00:00,2018-02-22 21:00
5a7149dd7e4fb70aff0000c6,Allspark: Mitsubishi February - 20226152 - 2 - 18-01-31-10:10:45,Australia,12812.0,61.0,Mitsubishi (3574),13000,323533,2018-02-01 00:00,2018-02-28 23:59
5a66ed7a7e4fb71114000047,Allspark: Home Loans Q2FY18 Direct Display - 20203868 - 3 - 18-01-23-13:01:55,Australia,15850.0,114.0,Allspark: MCN (5166),17255,900000,2018-02-01 00:00,2018-03-31 23:59
5a28a10d7e4fb715a8000151,Allspark: Barnacle Bill - 20150085 - 1 - 17-12-07-07:07:21,Australia,9983.0,83.0,Banana Boat (8410),10000,421053,2017-12-07 00:00,2018-02-24 23:59
5a7427747e4fb7321d000313,Allspark: Specsavers Free Polarizing Digital Feb 2018 - 1 - 18-02-02-14:02:51,New Zealand,17643.0,43.0,Allspark: MADE Media (1126),18383,441177,2018-02-05 11:00,2018-02-28 20:00
5a7423cd7e4fb7323200000d,Allspark: C2#20225720_Tatts Lotteries_NSW - 1 - 18-02-02-14:02:10,Australia,30753.0,0.0,Allspark: MCN (5166),185000,425000,2018-02-04 00:00,2018-02-10 23:59
5a7996bb7e4fb77fe500078d,Allspark: C1#World Science 2018 - 2 - 18-02-06-17:05:54,Australia,7852.0,86.0,Allspark: MCN (5166),8219,213675,2018-02-06 00:00,2018-03-03 23:59
5a49d0f97e4fb774e7000045,Allspark: Green Light Sale-ACK - 4 - 18-01-01-11:11:41,New Zealand,15202.0,143.0,Allspark: MADE Media (1126),15975,712938,2018-01-01 11:00,2018-02-11 21:00
5a77f49c7e4fb76f51000191,Allspark: Electoral Commission of SA - 20239632 - 4 - 18-02-05-11:11:54,Australia,9975.0,116.0,SA GOV (4007),10000,166666,2018-02-05 00:00,2018-02-23 23:59
5a577dbd7e4fb79e3200033f,Allspark: Ford FDAF Q1 Jan-March - 20185737 - 2 - 18-01-11-20:08:13,Australia,9006.0,13.0,Ford (8352),9300,666667,2018-01-11 00:00,2018-03-29 23:59
5a695d987e4fb74bbe0000cd,Allspark: REST Mobile App Launch - 1 - 18-01-25-10:10:06,Australia,8974.0,99.0,Allspark: REST (5041),9000,1300000,2018-01-29 00:00,2018-06-30 23:59
5a74836a7e4fb7321d0004fb,Allspark: ad2one IRL - Ulster Bank - Always on H2 - Feb 2018 - 1 - 18-02-02-20:08:20,Ireland,15372.0,126.0,Allspark: Ad2One IE (4223),15417,259650,2018-02-02 00:00,2018-02-28 23:59
5a0aae917e4fb704c1000102,Allspark: McCusker Drug Aware  -  20089184 - 3 - 17-11-14-14:02:09,Australia,6707.0,1.0,MHC (6872),7000,526316,2017-11-19 00:00,2018-03-03 20:59
5a7425e17e4fb7321d00030d,Allspark: C4#20225720_Tatts Lotteries_SA - 2 - 18-02-02-14:02:02,Australia,8412.0,1.0,Allspark: MCN (5166),30000,150000,2018-02-04 00:00,2018-02-10 23:59
5a3896ea7e4fb734c10002ee,Allspark: Sony OLED &amp; X1 2017 - 20171409 - 1 - 17-12-19-10:10:20,Australia,3060.0,46.0,Sony - AUS (2912),3200,248763,2017-12-19 00:00,2018-03-31 23:59
5a7921977e4fb77fe5000117,Allspark: exam-okazaki - 1 - 18-02-06-09:09:02,Japan,16985.0,66.0,Allspark: AdInte (8977),19000,36000,2018-02-08 00:00,2018-02-09 23:59
5a5d662d7e4fb764b5000085,Allspark: Placemakers Landscaping Trade_Jan - 1 - 18-01-16-08:08:20,New Zealand,11129.0,45.0,Allspark: MADE Media (1126),11313,294118,2018-01-16 00:00,2018-02-10 21:00
5a783b777e4fb76f51000410,Allspark: C2#20189025_My FootDr_Retargeting - 1 - 18-02-05-16:04:13,Australia,3131.0,33.0,Allspark: MCN (5166),3261,75000,2018-02-05 00:00,2018-02-27 23:59
58c2353b7e4fb78b17005667,Allspark: Specsavers Key Store Targeting - 1 - 17-03-10-10:10:00,New Zealand,10135.0,58.0,Allspark: MADE Media (1126),10666,2000000,2017-03-10 11:00,2018-02-25 23:00
5a7425bf7e4fb7321d000307,Allspark: C4#20225720_Tatts Lotteries_SA - 1 - 18-02-02-14:02:29,Australia,6675.0,0.0,Allspark: MCN (5166),30000,150000,2018-02-04 00:00,2018-02-10 23:59
5a2e1b4b7e4fb79e5a000004,Allspark: C1#20123828_Queensland Government DTMR Drink Driving - 1 - 17-12-11-11:11:09,Australia,6656.0,22.0,Allspark: MCN (5166),7000,936317,2017-12-11 00:00,2018-05-07 23:59
5a790b5e7e4fb77fe5000017,Allspark: AMEX POC H1 - 20234194 - 1 - 18-02-06-07:07:14,Australia,6550.0,66.0,Amex (5740),30000,1385741,2018-02-06 00:00,2018-03-31 23:59
5a538f737e4fb7620c0003f6,Allspark: ad2one IRL - DAA - DAR_06/04_CorkAirport_Q12018 - 1 - 18-01-08-21:09:56,Ireland,11252.0,88.0,Allspark: Ad2One IE (4223),11300,909091,2018-01-08 00:00,2018-03-31 23:59
5a77c7577e4fb76f5100009a,Allspark: Pharmacy Guild&#x27;18 - 19965947  - 1 - 18-02-05-08:08:44,Australia,2290.0,17.0,Allspark: MCN (5166),2300,119048,2018-02-05 00:00,2018-03-31 23:59
5a538f857e4fb7620c0003fc,Allspark: ad2one IRL - DAA - DAR_06/04_CorkAirport_Q12018 - 2 - 18-01-08-21:09:14,Ireland,10843.0,42.0,Allspark: Ad2One IE (4223),11400,909091,2018-01-08 00:00,2018-03-31 23:59
5a77c79e7e4fb76f510000a1,Allspark: Pharmacy Guild&#x27;18 - 19965947  - 2 - 18-02-05-08:08:19,Australia,2200.0,28.0,Allspark: MCN (5166),2300,119048,2018-02-05 00:00,2018-03-31 23:59
5a695de37e4fb74bbe000118,Allspark: REST Mobile App Launch - 5 - 18-01-25-10:10:24,Australia,6082.0,89.0,Allspark: REST (5041),6400,900000,2018-01-28 00:00,2018-06-30 23:59
5a3a11947e4fb750a300058d,Allspark: C1#20161303_Adidas - Predator - 1 - 17-12-20-13:01:01,Australia,5260.0,6.0,Allspark: MCN (5166),5533,769230,2017-12-20 00:00,2018-03-08 23:59
5a562b127e4fb79a48000ac1,Allspark: ad2one IRL - Three Mobile - Business - Jan 2018 - 2 - 18-01-10-20:08:27,Ireland,10331.0,23.0,Allspark: Ad2One IE (4223),10872,681819,2018-01-10 00:00,2018-03-26 23:59
5a60c01d7e4fb7948c0000b5,Allspark: AMEX SBS Qantas Business 2018 - 20215528 - 3 - 18-01-18-21:09:47,Australia,5926.0,27.0,Amex (5740),6000,350000,2018-01-21 00:00,2018-03-31 23:59
5a695dbf7e4fb74bbe0000f2,Allspark: REST Mobile App Launch - 3 - 18-01-25-10:10:41,Australia,5713.0,1.0,Allspark: REST (5041),6000,800000,2018-01-28 00:00,2018-06-30 23:59
5a60bfda7e4fb7948c0000a7,Allspark: AMEX SBS Qantas Business 2018 - 20215528 - 1 - 18-01-18-21:09:41,Australia,5713.0,33.0,Amex (5740),6000,350000,2018-01-21 00:00,2018-03-31 23:59
5a4e68fb7e4fb71ef700029c,Allspark: MAPPIN &amp; WEBB - STANDARD BANNERS - 1 - 18-01-04-23:11:35,United Kingdom,14962.0,55.0,Allspark: Ad2One UK (7226),15000,1055405,2018-01-04 00:00,2018-04-30 23:59
5a6e27617e4fb782cd000164,Allspark: ad2one IRL - NTA_01/14_Leap Fares_Jan/Feb2018 - 1 - Cork - M - 18-01-29-01:01:55,Ireland,10689.0,35.0,Allspark: Ad2One IE (4223),10705,272728,2018-01-28 00:00,2018-02-25 23:59
5a6e27777e4fb782cd00016e,Allspark: ad2one IRL - NTA_01/14_Leap Fares_Jan/Feb2018 - 2 - Cork - F - 18-01-29-01:01:24,Ireland,10673.0,34.0,Allspark: Ad2One IE (4223),10705,272728,2018-01-28 00:00,2018-02-25 23:59
5a6d99f17e4fb782cd0000fd,Allspark: ad2one IRL - Iarnrod Eireann - Students - Jan - Feb 2018 - 1 - 18-01-28-15:03:23,Ireland,9055.0,36.0,Allspark: Ad2One IE (4223),9109,163636,2018-01-29 00:00,2018-02-25 23:59
5a5f09837e4fb7492a000083,Allspark: takakuwa-printing - 1 - 18-01-17-13:01:25,Japan,10483.0,31.0,Allspark: AdInte (8977),10966,107143,2018-01-23 00:00,2018-02-08 23:59
5a562b007e4fb79a48000abb,Allspark: ad2one IRL - Three Mobile - Business - Jan 2018 - 1 - 18-01-10-20:08:08,Ireland,10034.0,74.0,Allspark: Ad2One IE (4223),10072,681819,2018-01-10 00:00,2018-03-26 23:59
5a5c08397e4fb74d82000031,Allspark: X-Class – phase 3 – mountain of tough - 1 - 18-01-15-07:07:14,New Zealand,7336.0,44.0,Allspark: MADE Media (1126),7257,551472,2018-01-15 11:00,2018-03-31 20:00
5a5199997e4fb74f91000010,Allspark: C2#20148764_Semester 1 2018 - Swinburne University_Competitor Univ - 1 - 18-01-07-09:09:27,Australia,3694.0,42.0,Allspark: MCN (5166),4000,157896,2018-01-07 00:00,2018-02-28 23:59
5a4d976c7e4fb716fe000022,Allspark: HPA Alcohol / Help Seekers 2HY - 1 - 18-01-04-08:08:14,New Zealand,6986.0,78.0,Allspark: MADE Media (1126),7039,823529,2018-01-04 11:00,2018-04-30 21:00
5a60c0617e4fb7948c0000c5,Allspark: AMEX SBS Qantas Business 2018 - 20215528 - 5 - 18-01-18-21:09:55,Australia,4486.0,33.0,Amex (5740),4500,233334,2018-01-21 00:00,2018-03-31 23:59
5a60b8ee7e4fb7948c000082,Allspark: Chicken Treat Summer Sets 2017 B2 - 20038552 - 1 - 18-01-18-20:08:08,Australia,4466.0,2.0,Chicken Treat (8712),4700,100000,2018-01-20 21:00,2018-02-08 23:59
5a7179cb7e4fb70aff0002ab,Allspark: NZAF Q1 &#x27;18 - 1 - 18-01-31-13:01:23,New Zealand,6631.0,54.0,Allspark: MADE Media (1126),6566,183824,2018-02-01 11:00,2018-02-28 21:00
5a4c9e457e4fb7079f000349,Allspark: KIA - Range - Jan 2018 - influent-media - 1 - 18-01-03-14:02:26,Ireland,7607.0,85.0,Allspark: EUR IO (5749),7640,344274,2018-01-01 00:00,2018-02-28 23:59
5a7a7b827e4fb70856000045,Allspark: Vodafone VOBM_Construction - 1 - 18-02-07-09:09:05,New Zealand,6563.0,38.0,Allspark: MADE Media (1126),6937,367647,2018-02-07 11:00,2018-03-31 20:00
5a744f5c7e4fb7321d000410,Allspark: adone IE - Vodafone - PAYG Refional Fighter - Feb 2018 - 2 - 18-02-02-17:05:15,Ireland,8479.0,43.0,Allspark: Ad2One IE (4223),8515,216000,2018-02-02 00:00,2018-03-01 23:59
5a790ba57e4fb77fe5000023,Allspark: AMEX POC H1 - 20234194 - 3 - 18-02-06-07:07:25,Australia,4254.0,46.0,Amex (5740),30000,1385741,2018-02-06 00:00,2018-03-31 23:59
5a744f477e4fb7321d00040a,Allspark: adone IE - Vodafone - PAYG Refional Fighter - Feb 2018 - 1 - 18-02-02-17:05:54,Ireland,8124.0,65.0,Allspark: Ad2One IE (4223),8115,216000,2018-02-02 00:00,2018-03-01 23:59
5a582fac7e4fb7255f00008a,Allspark: NAKED - 1 - 18-01-12-09:09:22,Japan,8199.0,57.0,Allspark: AdInte (8977),8226,285714,2018-01-17 00:00,2018-02-24 23:59
5a5d95bd7e4fb764b5000215,Allspark: He toHu_Jan - 1 - 18-01-16-11:11:18,New Zealand,2427.0,91.0,Allspark: MADE Media (1126),2465,428572,2018-01-16 11:00,2018-04-21 21:00
5a618d847e4fb790380001af,Allspark: C1# Equitone APAC burst 2/mediadonuts -THA,Thailand,15691.0,317.0,Allspark: MediaDonuts (5652),19000,300000,2018-01-19 01:00,2018-02-28 23:00
5a49d1167e4fb774e7000055,Allspark: Green Light Sale-ACK - 5 - 18-01-01-11:11:11,New Zealand,5936.0,53.0,Allspark: MADE Media (1126),6244,178237,2018-01-01 11:00,2018-02-11 21:00
5a60b9787e4fb7948c00009f,Allspark: Chicken Treat Summer Sets 2017 B2 - 20038552 - 5 - 18-01-18-20:08:25,Australia,5834.0,1.0,Chicken Treat (8712),6000,100000,2018-01-20 21:00,2018-02-08 23:59
5a461d477e4fb7248b000a06,Allspark: DFS - Dec-Feb  - influent-media - 4 - 17-12-29-16:04:30,Ireland,7829.0,8.0,Allspark: EUR IO (5749),7855,165831,2018-02-01 00:00,2018-02-25 23:59
5a6ffcdb7e4fb799470002b8,"Allspark: C1# MY/Samsung/Samsung A Series 2018/Innity malaysia - 2 Oppo, Huawei and Vivo devices",Malaysia,11405.0,63.0,Allspark: Innity MY (7929),12000,342583,2018-01-30 00:00,2018-03-10 23:59
5a6ffcd27e4fb7994e000015,Allspark: C1# MY/Samsung/Samsung A Series 2018/Innity malaysia - 1 Samsung Stores,Malaysia,11403.0,597.0,Allspark: Innity MY (7929),12000,342583,2018-01-30 00:00,2018-03-10 23:59
5a6ffce47e4fb799470002bf,Allspark: C1# MY/Samsung/Samsung A Series 2018/Innity malaysia - 3 Retargeting,Malaysia,11402.0,61.0,Allspark: Innity MY (7929),12000,342583,2018-02-02 00:00,2018-03-10 23:59
5a60b6247e4fb7948c000052,Allspark: AMEX SBS Platinum Business 2018 - 20212710 - 3 - 18-01-18-20:08:14,Australia,3792.0,22.0,Amex (5740),3800,233333,2018-01-21 00:00,2018-03-31 23:59
5a60b5e17e4fb7948c000042,Allspark: AMEX SBS Platinum Business 2018 - 20212710 - 1 - 18-01-18-20:08:07,Australia,3789.0,26.0,Amex (5740),3800,233333,2018-01-21 00:00,2018-03-31 23:59
5a60b6687e4fb7948c000062,Allspark: AMEX SBS Platinum Business 2018 - 20212710 - 5 - 18-01-18-20:08:22,Australia,3787.0,25.0,Amex (5740),3800,233333,2018-01-21 00:00,2018-03-31 23:59
5a60b6ab7e4fb7948c000072,Allspark: AMEX SBS Platinum Business 2018 - 20212710 - 7 - 18-01-18-20:08:30,Australia,3787.0,17.0,Amex (5740),3800,233335,2018-01-21 00:00,2018-03-31 23:59
5a695da97e4fb74bbe0000dd,Allspark: REST Mobile App Launch - 2 - 18-01-25-10:10:23,Australia,8553.0,5.0,Allspark: REST (5041),9000,1300000,2018-01-28 00:00,2018-06-30 23:59
5a51a2897e4fb74f91000026,Allspark: C3#20148764_Semester 1 2018 - Swinburne University_CBD_Shopping_Tradies - 1 - 18-01-07-10:10:36,Australia,2872.0,4.0,Allspark: MCN (5166),2900,105263,2018-01-07 00:00,2018-02-28 23:59
5a49d0a37e4fb774e700001b,Allspark: Green Light Sale-ACK - 1 - 18-01-01-11:11:16,New Zealand,7601.0,45.0,Allspark: MADE Media (1126),7993,213881,2018-01-01 11:00,2018-02-11 21:00
5a51a45d7e4fb74f9100002e,Allspark: C4#20148764_Semester 1 2018 - Swinburne University_Schools and Offices - 1 - 18-01-07-10:10:24,Australia,2755.0,13.0,Allspark: MCN (5166),2900,105264,2018-01-07 00:00,2018-02-28 23:59
5a461d407e4fb7248b000a00,Allspark: DFS - Dec-Feb  - influent-media - 3 - 17-12-29-16:04:22,Ireland,7247.0,27.0,Allspark: EUR IO (5749),7270,165832,2018-02-01 00:00,2018-02-25 23:59
5a7848f17e4fb76f51000440,Allspark: ad2one IRL - Renault - Kadjar Feb 2018 - 2 - 18-02-05-17:05:51,Ireland,5976.0,18.0,Allspark: Ad2One IE (4223),6009,125000,2018-02-05 00:00,2018-02-28 23:59
58c237b57e4fb78b17005685,Allspark: Specsavers Key Stores- Re Targeting - 1 - 17-03-10-10:10:02,New Zealand,5152.0,26.0,Allspark: MADE Media (1126),5421,1137000,2017-03-10 11:00,2018-02-25 01:00
5a60b9577e4fb7948c000099,Allspark: Chicken Treat Summer Sets 2017 B2 - 20038552 - 4 - 18-01-18-20:08:51,Australia,5852.0,1.0,Chicken Treat (8712),6000,100000,2018-01-20 21:00,2018-02-08 23:59
5a7133fe7e4fb70aff000061,Allspark: C1#20148764_Semester 1 2018 - Swinburne University - 2 - 18-01-31-08:08:26,Australia,2676.0,5.0,Allspark: MCN (5166),2814,81578,2018-01-31 00:00,2018-02-28 23:59
5a377ea67e4fb723e000038e,Allspark: Translink - Sunshine Coast - 20171430 - 1 - 17-12-18-14:02:35,Australia,3231.0,14.0,Allspark: MCN (5166),3400,239165,2017-12-26 00:00,2018-03-17 23:59
5a711abf7e4fb70aff000029,Allspark: Placemakers Punt for Prizes - 1 - 18-01-31-06:06:49,New Zealand,4835.0,6.0,Allspark: MADE Media (1126),10696,470589,2018-01-31 00:00,2018-03-15 21:00
5a7848d87e4fb76f5100043a,Allspark: ad2one IRL - Renault - Kadjar Feb 2018 - 1 - 18-02-05-17:05:22,Ireland,5567.0,49.0,Allspark: Ad2One IE (4223),5509,125000,2018-02-05 00:00,2018-02-28 23:59
5a6d9a0b7e4fb782cd000109,Allspark: ad2one IRL - Iarnrod Eireann - Students - Jan - Feb 2018 - 2 - 18-01-28-15:03:59,Ireland,5302.0,10.0,Allspark: Ad2One IE (4223),5326,109091,2018-01-29 00:00,2018-02-25 23:59
5a4c9b587e4fb7079f000321,Allspark: KFC - Jan 2018 - influent-media - 1 - 18-01-03-14:02:59,Ireland,6099.0,68.0,Allspark: EUR IO (5749),6083,382857,2018-01-03 00:00,2018-02-11 23:59
5a377ec37e4fb723e0000394,Allspark: Translink - Sunshine Coast - 20171430 - 2 - 17-12-18-14:02:03,Australia,2968.0,17.0,Allspark: MCN (5166),3117,239166,2017-12-26 00:00,2018-03-17 23:59
5a7148307e4fb70aff0000b5,Allspark: C1#Starflyer - Feb - FP1 - DAC-JP/JPN - 01.02.2018 - 1 - 18-01-31-10:10:58,Japan,14133.0,12.0,Allspark: DAC-JP (4277),14156,357143,2018-02-01 00:00,2018-02-28 23:59
5a6e27dc7e4fb782cd0001a2,Allspark: ad2one IRL - NTA_01/14_Leap Fares_Jan/Feb2018 - 6 - Galway - F - 18-01-29-01:01:05,Ireland,5140.0,18.0,Allspark: Ad2One IE (4223),5403,136364,2018-01-28 00:00,2018-02-25 23:59
5a4e69057e4fb71ef70002a4,Allspark: MAPPIN &amp; WEBB - STANDARD BANNERS - 2 - 18-01-04-23:11:46,United Kingdom,8162.0,51.0,Allspark: Ad2One UK (7226),8548,1000000,2018-01-04 00:00,2018-04-30 23:59
5a2e1b6a7e4fb79e52000016,Allspark: C1#20123828_Queensland Government DTMR Drink Driving_Retargeting - 2 - 17-12-11-11:11:45,Australia,2809.0,11.0,Allspark: MCN (5166),5788,833334,2017-12-15 00:00,2018-05-07 23:59
5a6e27c67e4fb782cd000198,Allspark: ad2one IRL - NTA_01/14_Leap Fares_Jan/Feb2018 - 5 - Galway - M - 18-01-29-01:01:37,Ireland,5378.0,22.0,Allspark: Ad2One IE (4223),5403,136364,2018-01-28 00:00,2018-02-25 23:59
5a5c357e7e4fb74d82000183,Allspark: kawasaki-motors - 4 - 18-01-15-10:10:21,Japan,5624.0,29.0,Allspark: AdInte (8977),5740,160714,2018-02-01 00:00,2018-02-28 23:59
5a6e27f87e4fb782cd0001b2,Allspark: ad2one IRL - NTA_01/14_Leap Fares_Jan/Feb2018 - 7 - Limerick - M - 18-01-29-01:01:27,Ireland,5282.0,15.0,Allspark: Ad2One IE (4223),5303,136364,2018-01-28 00:00,2018-02-25 23:59
5a742d767e4fb7321d000346,Allspark: tama-home-201802 - 1 - 18-02-02-14:02:24,Japan,5497.0,41.0,Allspark: AdInte (8977),5519,37714,2018-02-04 00:00,2018-02-11 23:59
5a6e280e7e4fb782cd0001bc,Allspark: ad2one IRL - NTA_01/14_Leap Fares_Jan/Feb2018 - 8 - Limerick - F - 18-01-29-01:01:55,Ireland,5277.0,15.0,Allspark: Ad2One IE (4223),5303,136364,2018-01-28 00:00,2018-02-25 23:59
5a742d977e4fb7321d000353,Allspark: tama-home-201802 - 2 - 18-02-02-14:02:58,Japan,5399.0,25.0,Allspark: AdInte (8977),5689,37714,2018-02-04 00:00,2018-02-11 23:59
5a7752d07e4fb75f7a000146,Allspark: Facebook - Data Privacy - Feb-March 2018 - 1 - IFSC - 18-02-05-00:12:33,Ireland,4625.0,17.0,Allspark: Ad2One IE (4223),4638,85227,2018-02-05 00:00,2018-03-05 23:59
5a7193d77e4fb70aff0003fa,Allspark: C3#JR_West_FP3 - DAC-JP/JPN - 01.02.2018 - 3 - 18-01-31-15:03:41,Japan,4193.0,18.0,Allspark: DAC-JP (4277),4193,222222,2018-02-01 00:00,2018-03-31 23:59
5a7752e67e4fb75f7a00014c,Allspark: Facebook - Data Privacy - Feb-March 2018 - 2 - Google - 18-02-05-00:12:08,Ireland,4608.0,27.0,Allspark: Ad2One IE (4223),4638,85227,2018-02-05 00:00,2018-03-05 23:59
5a7753287e4fb75f7a00015e,Allspark: Facebook - Data Privacy - Feb-March 2018 - 5 - Govt Building - 18-02-05-00:12:13,Ireland,4606.0,12.0,Allspark: Ad2One IE (4223),4638,85227,2018-02-05 00:00,2018-03-05 23:59
5a7753127e4fb75f7a000158,Allspark: Facebook - Data Privacy - Feb-March 2018 - 4 - Dept. of Business Enterprise - 18-02-05-00:12:51,Ireland,4605.0,23.0,Allspark: Ad2One IE (4223),4638,85227,2018-02-05 00:00,2018-03-05 23:59
5a7752fc7e4fb75f7a000152,Allspark: Facebook - Data Privacy - Feb-March 2018 - 3 - Facebook - 18-02-05-00:12:30,Ireland,4602.0,19.0,Allspark: Ad2One IE (4223),4638,85227,2018-02-05 00:00,2018-03-05 23:59
5a7753547e4fb75f7a00016a,Allspark: Facebook - Data Privacy - Feb-March 2018 - 7 - Twitter - 18-02-05-00:12:57,Ireland,4602.0,25.0,Allspark: Ad2One IE (4223),4638,85227,2018-02-05 00:00,2018-03-05 23:59
5a77533e7e4fb75f7a000164,Allspark: Facebook - Data Privacy - Feb-March 2018 - 6 - Dublin Airport Business Lounge - 18-02-05-00:12:35,Ireland,4599.0,35.0,Allspark: Ad2One IE (4223),4638,85227,2018-02-05 00:00,2018-03-05 23:59
5a77536a7e4fb75f7a000170,Allspark: Facebook - Data Privacy - Feb-March 2018 - 8 - Amazon - 18-02-05-00:12:19,Ireland,4599.0,19.0,Allspark: Ad2One IE (4223),4638,85227,2018-02-05 00:00,2018-03-05 23:59
5a6a87e07e4fb771d1000011,Allspark: Massey University Countdown Timer - 1 - 18-01-26-07:07:36,New Zealand,3924.0,6.0,Allspark: MADE Media (1126),4114,115192,2018-01-26 11:00,2018-02-22 21:00
5a695df27e4fb74bbe000128,Allspark: REST Mobile App Launch - 6 - 18-01-25-10:10:39,Australia,2544.0,107.0,Allspark: REST (5041),6400,900000,2018-01-28 00:00,2018-06-30 23:59
5a1e76767e4fb79026000a91,Allspark: S1701451_ジェイ商事_競合ターゲティング_1712_1802 - 1 - 17-11-29-14:02:08,Japan,5531.0,9.0,Allspark: ConnectOM (1351),5550,450000,2017-12-01 00:00,2018-02-28 23:59
5a6819c57e4fb742a0000085,Allspark: barneys-2018-01 - 3 - 18-01-24-10:10:15,Japan,6887.0,13.0,Allspark: AdInte (8977),7200,64286,2018-01-26 00:00,2018-02-10 23:59
5a6d67637e4fb782cd000031,Allspark: EECA - Electric Cars_Feb-Mar - 1 - 18-01-28-11:11:46,New Zealand,1473.0,115.0,Allspark: MADE Media (1126),2903,142858,2018-01-28 11:00,2018-03-31 20:00
5a7bce9b7e4fb7248c0000b3,Allspark: Medibank Private Feb2018 Telstra - 20181863 - 1 - 18-02-08-09:09:47,Australia,1911.0,5.0,Allspark: MCN (5166),1900,36549,2018-02-08 00:00,2018-02-28 23:59
5a657a5e7e4fb7206b00034c,Allspark: AC00086 Domestic Awareness_Jan - 6 - 18-01-22-11:11:39,New Zealand,2662.0,19.0,Allspark: MADE Media (1126),2801,93756,2018-01-25 00:00,2018-02-28 23:59
5a657a0f7e4fb7206b00033a,Allspark: AC00086 Domestic Awareness_Jan - 3 - 18-01-22-11:11:20,New Zealand,2577.0,13.0,Allspark: MADE Media (1126),2709,93756,2018-01-25 00:00,2018-02-28 23:59
5a657a947e4fb7206b00035a,Allspark: AC00086 Domestic Awareness_Jan - 8 - 18-01-22-11:11:33,New Zealand,2522.0,18.0,Allspark: MADE Media (1126),2840,93756,2018-01-25 00:00,2018-02-28 23:59
59d46e067e4fb78696000003,Allspark: HPA Depression.org PI Targeting - 1 - 17-10-04-10:10:24,New Zealand,3386.0,15.0,Allspark: MADE Media (1126),3357,833334,2017-10-04 10:00,2018-06-30 23:00
5a6579db7e4fb7207200004f,Allspark: AC00086 Domestic Awareness_Jan - 1 - 18-01-22-11:11:27,New Zealand,2498.0,18.0,Allspark: MADE Media (1126),2629,93756,2018-01-25 00:00,2018-02-28 23:59
5a792e667e4fb77fe5000178,Allspark: shibire-2018-02 - 1 - 18-02-06-09:09:36,Japan,4447.0,16.0,Allspark: AdInte (8977),4082,57143,2018-02-07 00:00,2018-02-20 23:59
5a7a7b9f7e4fb7085600004b,Allspark: Vodafone VOBM_SharedSpaces - 18-02-07-09:09:34,New Zealand,3265.0,19.0,Allspark: MADE Media (1126),2775,147060,2018-02-07 11:00,2018-03-31 20:00
5a6579f57e4fb72072000055,Allspark: AC00086 Domestic Awareness_Jan - 2 - 18-01-22-11:11:54,New Zealand,2412.0,7.0,Allspark: MADE Media (1126),2773,93756,2018-01-25 00:00,2018-02-28 23:59
5a6a8f367e4fb771d100004f,Allspark: Prime Style Higashi Nihonbashi - 1 - 18-01-26-07:07:43,Japan,17686.0,53.0,Allspark: AdInte (8977),17724,214287,2018-02-02 00:00,2018-02-15 23:59
5a4c9e4d7e4fb7079f00034f,Allspark: KIA - Range - Jan 2018 - influent-media - 2 - 18-01-03-14:02:35,Ireland,7706.0,19.0,Allspark: EUR IO (5749),9040,344272,2018-01-01 00:00,2018-02-28 23:59
5a52eacc7e4fb7620c000088,Allspark: NZFS Rural Campaign - 2 - 18-01-08-09:09:18,New Zealand,3186.0,22.0,Allspark: MADE Media (1126),2835,235295,2018-01-08 11:00,2018-03-31 20:00
5a7c20977e4fb706980002a9,Allspark: C1# Castrol PCO TET 2018_DISPLAY JAN_FEB2018/ Mediadonuts Phase 2 - 1 - 18-02-08-15:03:56,Vietnam,9161.0,162.0,Allspark: SEA IO (2653),64000,400000,2018-02-08 01:00,2018-02-17 00:59
5a54ffc47e4fb789c2000a88,Allspark: ad2one IE - Ulster Bank - Mortgages - Jan2018 - Schools/ Education - F - 4 - 18-01-09-23:11:53,Ireland,3365.0,14.0,Allspark: Ad2One IE (4223),3400,81818,2018-01-09 00:00,2018-02-18 23:59
5a6d684b7e4fb782cd00003c,Allspark: MIT MKT148_23 Semester One_LI02 - 2 - 18-01-28-11:11:39,New Zealand,2865.0,13.0,Allspark: MADE Media (1126),9069,126960,2018-01-29 11:00,2018-02-11 21:00
5a657a797e4fb7206b000353,Allspark: AC00086 Domestic Awareness_Jan - 7 - 18-01-22-11:11:06,New Zealand,2094.0,16.0,Allspark: MADE Media (1126),2917,93756,2018-01-25 00:00,2018-02-28 23:59
5a49d0db7e4fb774e7000033,Allspark: Green Light Sale-ACK - 3 - 18-01-01-11:11:11,New Zealand,2799.0,25.0,Allspark: MADE Media (1126),2947,106940,2018-01-01 11:00,2018-02-11 21:00
5a52eab37e4fb7620c000080,Allspark: NZFS Rural Campaign - 1 - 18-01-08-09:09:51,New Zealand,2767.0,5.0,Allspark: MADE Media (1126),2835,235295,2018-01-08 11:00,2018-03-31 20:00
5a52eae57e4fb7620c00008f,Allspark: NZFS Rural Campaign - 3 - 18-01-08-09:09:43,New Zealand,2748.0,11.0,Allspark: MADE Media (1126),2835,235295,2018-01-08 11:00,2018-03-31 21:00
5a54ff917e4fb789c2000a82,Allspark: ad2one IE - Ulster Bank - Mortgages - Jan2018 - Schools/ Education - M - 3 - 18-01-09-23:11:01,Ireland,3163.0,6.0,Allspark: Ad2One IE (4223),3000,81818,2018-01-09 00:00,2018-02-18 23:59
5a5d8a667e4fb764bc00004e,Allspark: Konan University2 - 1 - 18-01-16-10:10:42,Japan,8876.0,19.0,Allspark: AdInte (8977),9079,291666,2018-01-20 00:00,2018-02-22 23:59
5a7921da7e4fb77fe500012b,Allspark: exam-okazaki - 3 - 18-02-06-09:09:13,Japan,3848.0,66.0,Allspark: AdInte (8977),6000,10000,2018-02-08 00:00,2018-02-09 23:59
5a6ef4da7e4fb773cd00025f,Allspark: ad2one IRL - NTA_01/14_Leap Fares_Jan/Feb2018 - 10 - Waterford - F - 18-01-29-15:03:44,Ireland,2884.0,6.0,Allspark: Ad2One IE (4223),3035,68182,2018-01-29 00:00,2018-02-25 23:59
5a49d0bf7e4fb774e7000027,Allspark: Green Light Sale-ACK - 2 - 18-01-01-11:11:43,New Zealand,2421.0,28.0,Allspark: MADE Media (1126),2547,106940,2018-01-01 11:00,2018-02-11 21:00
5a73f9d47e4fb7321d00015d,Allspark: jupiter-2018-02 - 1 - 18-02-02-11:11:08,Japan,3429.0,28.0,Allspark: AdInte (8977),4862,116667,2018-02-05 00:00,2018-02-28 23:59
5a6ef4c57e4fb773cd000259,Allspark: ad2one IRL - NTA_01/14_Leap Fares_Jan/Feb2018 - 9 - Waterford - M - 18-01-29-15:03:15,Ireland,2947.0,11.0,Allspark: Ad2One IE (4223),2935,68182,2018-01-29 00:00,2018-02-25 23:59
5a6f352c7e4fb773d4000054,Allspark: ad2one IRL - KFC_W2_MightyBucket_JanMar18  - 1 - 18-01-29-20:08:09,Ireland,2941.0,30.0,Allspark: Ad2One IE (4223),2948,119643,2018-01-29 00:00,2018-03-11 23:59
5a7193ea7e4fb70aff00040c,Allspark: C4#JR_West_FP4 - DAC-JP/JPN - 01.02.2018 - 4 - 18-01-31-15:03:00,Japan,2338.0,8.0,Allspark: DAC-JP (4277),2275,111111,2018-02-01 00:00,2018-03-31 23:59
5a4c9b627e4fb707ad00005c,Allspark: KFC - Jan 2018 - influent-media - 2 - 18-01-03-14:02:07,Ireland,3086.0,18.0,Allspark: EUR IO (5749),3244,188571,2018-01-03 00:00,2018-02-11 23:59
5a6e27947e4fb782cd00017e,Allspark: ad2one IRL - NTA_01/14_Leap Fares_Jan/Feb2018 - 3 - Dublin - M - 18-01-29-01:01:46,Ireland,2636.0,9.0,Allspark: Ad2One IE (4223),2651,68182,2018-01-28 00:00,2018-02-25 23:59
5a73d44a7e4fb7321d000045,Allspark: Galaxy Spa - 1 - 18-02-02-08:08:01,New Zealand,1971.0,7.0,Allspark: MADE Media (1126),2072,52941,2018-02-02 11:00,2018-02-28 21:00
5a745e907e4fb7321d000472,Allspark: ad2one IRL - Bus Eireann - Big Red - Feb 2018 - 2 - 18-02-02-18:06:07,Ireland,2693.0,11.0,Allspark: Ad2One IE (4223),2700,60000,2018-02-02 00:00,2018-02-26 23:59
5a60b9337e4fb7948c000091,Allspark: Chicken Treat Summer Sets 2017 B2 - 20038552 - 3 - 18-01-18-20:08:16,Australia,5100.0,0.0,Chicken Treat (8712),5200,100000,2018-01-20 21:00,2018-02-08 23:59
5a745e7c7e4fb7321d00046c,Allspark: ad2one IRL - Bus Eireann - Big Red - Feb 2018 - 1 - 18-02-02-18:06:46,Ireland,2691.0,36.0,Allspark: Ad2One IE (4223),2700,60000,2018-02-02 00:00,2018-02-26 23:59
5a681a3d7e4fb742a00000a9,Allspark: barneys-2018-01 - 7 - 18-01-24-11:11:16,Japan,2675.0,8.0,Allspark: AdInte (8977),4988,23429,2018-02-08 00:00,2018-02-12 23:59
5a5c35627e4fb74d82000178,Allspark: kawasaki-motors - 3 - 18-01-15-10:10:52,Japan,4188.0,15.0,Allspark: AdInte (8977),4202,71429,2018-02-01 00:00,2018-02-17 23:59
5a6e27aa7e4fb782cd000188,Allspark: ad2one IRL - NTA_01/14_Leap Fares_Jan/Feb2018 - 4 - Dublin - F - 18-01-29-01:01:15,Ireland,2452.0,12.0,Allspark: Ad2One IE (4223),2627,68182,2018-01-28 00:00,2018-02-25 23:59
5a3a11b27e4fb750a3000594,Allspark: C1#20161303_Adidas - Predator - 2 - 17-12-20-13:01:31,Australia,544.0,4.0,Allspark: MCN (5166),400,438095,2017-12-20 00:00,2018-03-08 23:59
5a7167ab7e4fb70aff0001c3,Allspark: Air NZAir New Zealand Always On February 18 - 3 - 18-01-31-12:12:03,New Zealand,1760.0,8.0,Allspark: MADE Media (1126),1637,43824,2018-02-01 00:00,2018-02-28 21:00
5a71678f7e4fb70aff0001bc,Allspark: Air NZAir New Zealand Always On February 18 - 2 - 18-01-31-12:12:35,New Zealand,1751.0,6.0,Allspark: MADE Media (1126),1637,43824,2018-02-01 00:00,2018-02-28 21:00
5a685fe87e4fb742a00001a6,Allspark: C1#20071222_Translink North Lakes - 3 - 18-01-24-15:03:26,Australia,1142.0,2.0,Allspark: MCN (5166),1200,77940,2018-01-29 00:00,2018-02-25 23:59
5a7167c77e4fb70aff0001ca,Allspark: Air NZAir New Zealand Always On February 18 - 4 - 18-01-31-12:12:31,New Zealand,1647.0,2.0,Allspark: MADE Media (1126),1637,43824,2018-02-01 00:00,2018-02-28 21:00
59e6ecce7e4fb718880000e9,Allspark: Twilight Hawkers Market - Young Professionals - Historical - 20095601 - 1 - 17-10-18-11:11:08,Australia,855.0,0.0,Allspark: MCN (5166),900,29240,2017-10-22 00:00,2018-03-17 23:59
5a7167737e4fb70aff0001b5,Allspark: Air NZAir New Zealand Always On February 18 - 1 - 18-01-31-12:12:07,New Zealand,1620.0,5.0,Allspark: MADE Media (1126),1637,43824,2018-02-01 00:00,2018-02-28 21:00
5a6840e57e4fb742a0000158,Allspark: Brillia-ooyama - 2 - 18-01-24-13:01:11,Japan,3904.0,29.0,Allspark: AdInte (8977),4465,35714,2018-02-05 00:00,2018-02-12 23:59
5a657aae7e4fb7206b000360,Allspark: AC00086 Domestic Awareness_Jan - 9 - 18-01-22-11:11:59,New Zealand,1132.0,11.0,Allspark: MADE Media (1126),3002,93756,2018-01-25 00:00,2018-02-28 23:59
5a657a447e4fb7206b000346,Allspark: AC00086 Domestic Awareness_Jan - 5 - 18-01-22-11:11:13,New Zealand,1123.0,17.0,Allspark: MADE Media (1126),3053,93756,2018-01-25 00:00,2018-02-28 23:59
5a54ff4c7e4fb789c2000a76,Allspark: ad2one IE - Ulster Bank - Mortgages - Jan2018 - Suburbs - M - 1 - 18-01-09-23:11:24,Ireland,2213.0,11.0,Allspark: Ad2One IE (4223),2200,81818,2018-01-09 00:00,2018-02-18 23:59
5a5c31067e4fb74d82000106,Allspark: audi-kasihwa - 1 - 18-01-15-10:10:58,Japan,8565.0,11.0,Allspark: AdInte (8977),8565,250000,2018-01-18 00:00,2018-02-17 23:59
5a73f9f47e4fb7321d000166,Allspark: jupiter-2018-02 - 2 - 18-02-02-11:11:40,Japan,4521.0,22.0,Allspark: AdInte (8977),5167,27000,2018-02-05 00:00,2018-02-10 23:59
59e6f2997e4fb718880002a5,Allspark: Twilight Hawkers Market - Music Festivals and Cultural Events - Historical - 20095601 - 1 - 17-10-18-11:11:50,Australia,764.0,0.0,Allspark: MCN (5166),800,29240,2017-10-21 21:00,2018-03-17 23:59
5a54ff5f7e4fb789c2000a7c,Allspark: ad2one IE - Ulster Bank - Mortgages - Jan2018 - Suburbs - F - 2 - 18-01-09-23:11:43,Ireland,2200.0,3.0,Allspark: Ad2One IE (4223),2200,81818,2018-01-09 00:00,2018-02-18 23:59
5a73d2f17e4fb7321d000023,Allspark: T20I Sydney and Melbourne - 20215862 - 1 - 18-02-02-08:08:10,Australia,762.0,74.0,Allspark: MCN (5166),800,4000,2018-02-05 00:00,2018-02-10 23:59
59e6e5e67e4fb718880000b5,Allspark: Twilight Hawkers Market - Outdoor Cinemas - Historical - 20095601 - 1 - 17-10-18-10:10:40,Australia,752.0,0.0,Allspark: MCN (5166),790,29240,2017-10-22 00:00,2018-03-17 23:59
59e6f02f7e4fb7188800021f,Allspark: Twilight Hawkers Market - City Workers - Historical - 20095601 - 1 - 17-10-18-11:11:32,Australia,747.0,0.0,Allspark: MCN (5166),900,29240,2017-10-22 00:00,2018-03-17 23:59
5a7753d97e4fb75f7a000194,Allspark: Facebook - Data Privacy - Feb-March 2018 - 13 - 18-02-05-00:12:11,Ireland,1623.0,4.0,Allspark: Ad2One IE (4223),11364,272728,2018-02-05 00:00,2018-02-28 23:59
5a5c6cc87e4fb71afb0000aa,"Allspark: C1#  Sansiri Siriplace  Tiwanon (PT) PROJECT,1 - 28 FEB 2018",Thailand,3463.0,10.0,Allspark: MediaDonuts (5652),3500,43000,2018-02-01 01:00,2018-02-28 23:00
5a5f08bf7e4fb7492a00003b,Allspark: C3#Hearthfull village Nara - FP3 - JPN-IO/JPN - 18.01.2018 - 3 - 18-01-17-13:01:32,Japan,1666.0,15.0,Allspark: JPN IO (2879),1493,90000,2018-01-27 00:00,2018-02-17 23:59
5a5c6cb37e4fb71afb00009e,"Allspark: C1# Sansiri Tiwanon ChaengWattana  (STW) PROJECT, 1 - 28 FEB 2018",Thailand,3354.0,3.0,Allspark: MediaDonuts (5652),3500,43000,2018-02-01 01:00,2018-02-28 23:00
5a65b3317e4fb7206b000400,Allspark: C1# Sansiri Town Avenue Merge Rattanathibet Age Filter 20 - 45 YO/Mediadonuts,Thailand,3345.0,3.0,Allspark: MediaDonuts (5652),3500,97924,2018-01-22 01:00,2018-02-15 23:00
5a65b33e7e4fb7206b000407,Allspark: C1# Sansiri Burasiri Ratchapruek 345  Age Filter 20 - 55 YO/Mediadonuts,Thailand,3336.0,4.0,Allspark: MediaDonuts (5652),3500,97924,2018-01-22 01:00,2018-02-15 23:00
5a5c6cdd7e4fb71afb0000b6,"Allspark: C1#  Sansiri Saransiri  Korat (SK) PROJECT,1 - 28 FEB 2018",Thailand,3332.0,1.0,Allspark: MediaDonuts (5652),3500,43000,2018-02-01 01:00,2018-02-28 23:00
5a5f08b17e4fb7492a00002c,Allspark: C2#Hearthfull village Nara - FP2- JPN-IO/JPN - 18.01.2018 - 2 - 18-01-17-13:01:18,Japan,1633.0,24.0,Allspark: JPN IO (2879),1593,90000,2018-01-27 00:00,2018-02-17 23:59
5a5f08da7e4fb7492a000059,Allspark: C5#Hearthfull village Nara - FP5 - JPN-IO/JPN - 18.01.2018 - 5 - 18-01-17-13:01:00,Japan,1582.0,13.0,Allspark: JPN IO (2879),1413,90000,2018-01-27 00:00,2018-02-17 23:59
5a60b9117e4fb7948c00008b,Allspark: Chicken Treat Summer Sets 2017 B2 - 20038552 - 2 - 18-01-18-20:08:42,Australia,4890.0,0.0,Chicken Treat (8712),5000,100000,2018-01-20 21:00,2018-02-08 23:59
59e6fa9e7e4fb71888000473,Allspark: Twilight Hawkers Market - Wildcats Fans - Historical - 20095601 - 1 - 17-10-18-12:12:04,Australia,770.0,0.0,Allspark: MCN (5166),800,29240,2017-10-20 00:00,2018-02-09 23:59
5a695dd47e4fb74bbe000107,Allspark: REST Mobile App Launch - 4 - 18-01-25-10:10:02,Australia,5981.0,1.0,Allspark: REST (5041),6000,800000,2018-01-28 00:00,2018-06-30 23:59
5a7193b07e4fb70aff0003d6,Allspark: C1#JR_West_FP1 - DAC-JP/JPN - 01.02.2018 - 1 - 18-01-31-15:03:01,Japan,4291.0,3.0,Allspark: DAC-JP (4277),4304,222222,2018-02-01 00:00,2018-03-31 23:59
5a6f35407e4fb773cd00034c,Allspark: ad2one IRL - KFC_W2_MightyBucket_JanMar18  - 2 - 18-01-29-20:08:31,Ireland,1398.0,11.0,Allspark: Ad2One IE (4223),1403,58928,2018-01-29 00:00,2018-03-11 23:59
5a5f08a37e4fb7492a00001d,Allspark: C1#Hearthfull village Nara - FP1 - JPN-IO/JPN - 18.01.2018 - 1 - 18-01-17-13:01:04,Japan,1343.0,10.0,Allspark: JPN IO (2879),1307,90000,2018-01-27 00:00,2018-02-17 23:59
5a65b3257e4fb7206b0003f7,Allspark: C1# Sansiri Setthasiri Chaengwattana - Prachachuen 2  Age Filter 28-50 YO /Mediadonuts - 1,Thailand,2486.0,4.0,Allspark: MediaDonuts (5652),2500,97924,2018-01-22 01:00,2018-02-15 23:00
5a54bc317e4fb789c200025c,Allspark: ad2one IRL - PTSB - Mortgages - Jan 2018 - 1 - 18-01-09-18:06:06,Ireland,1494.0,0.0,Allspark: Ad2One IE (4223),1500,125000,2018-01-09 00:00,2018-04-03 23:59
5a54bc437e4fb789c2000262,Allspark: ad2one IRL - PTSB - Mortgages - Jan 2018 - 2 - 18-01-09-18:06:24,Ireland,1509.0,0.0,Allspark: Ad2One IE (4223),1500,125000,2018-01-09 00:00,2018-04-03 23:59
5a718cd17e4fb70aff000343,Allspark: nubra-japan-201802 - 1 - 18-01-31-15:03:23,Japan,5117.0,1.0,Allspark: AdInte (8977),4986,44858,2018-02-01 00:00,2018-02-10 23:59
5a7175287e4fb70aff00028f,Allspark: takahashi-kaihatsu-3 - 6 - 18-01-31-13:01:33,Japan,7442.0,21.0,Allspark: AdInte (8977),7462,29845,2018-02-06 00:00,2018-02-12 23:59
5a3396a47e4fb7080900050e,Allspark: C1# I&amp;P Property Development/Aneka Warner - people at I&amp;P property showroom,Malaysia,1744.0,24.0,Allspark: SEA IO (2653),1800,195541,2017-12-15 00:00,2018-02-15 23:59
5a3396ae7e4fb70809000517,Allspark: C1# I&amp;P Property Development/Aneka Warner - People at 2 x Competitor showroom,Malaysia,1715.0,19.0,Allspark: SEA IO (2653),1800,195541,2017-12-15 00:00,2018-02-15 23:59
5a3396b87e4fb7080900051e,Allspark: C1# I&amp;P Property Development/Aneka Warner - 4 - 17-12-15-15:03:32,Malaysia,1710.0,71.0,Allspark: SEA IO (2653),1800,195541,2017-12-15 00:00,2018-02-15 23:59
5a3396997e4fb70809000506,Allspark: C1# I&amp;P Property Development/Aneka Warner - people 26+ in proximity to OOH placements,Malaysia,1711.0,10.0,Allspark: SEA IO (2653),1800,195541,2017-12-15 00:00,2018-02-15 23:59
5a5f08e87e4fb7492a000068,Allspark: C6#Hearthfull village Nara - FP6 - JPN-IO/JPN - 18.01.2018 - 6 - 18-01-17-13:01:14,Japan,1125.0,9.0,Allspark: JPN IO (2879),1107,90000,2018-01-27 00:00,2018-02-17 23:59
5a5cf2b27e4fb77919000030,Allspark: ad2one IE - DAA - Go Beyond - Jan-Nov 2018 - 2 - 18-01-15-23:11:44,Ireland,995.0,2.0,Allspark: Ad2One IE (4223),1000,295454,2018-01-15 00:00,2018-11-30 23:59
5a5cf29d7e4fb7791900002a,Allspark: ad2one IE - DAA - Go Beyond - Jan-Nov 2018 - 1 - 18-01-15-23:11:19,Ireland,995.0,4.0,Allspark: Ad2One IE (4223),1000,295455,2018-01-15 00:00,2018-11-30 23:59
5a605c057e4fb74e5f0001b6,Allspark: C1# Sansiri Sansiri BBKK- JAN-FEB&#x27;18 - 1 - 18-01-18-14:02:05,Thailand,1999.0,32.0,Allspark: MediaDonuts (5652),2000,97924,2018-01-18 01:00,2018-02-16 23:00
5a5500e67e4fb789c2000a9a,Allspark: ad2one IE - Ulster Bank - Mortgages - Jan2018 - AIB &amp; Bank of Ireland branches - M - 7 - 18-01-09-23:11:09,Ireland,876.0,7.0,Allspark: Ad2One IE (4223),800,27273,2018-01-09 00:00,2018-02-18 23:59
59e6ef597e4fb71888000216,Allspark: Twilight Hawkers Market - City Workers - Real time - 20095601 - 1 - 17-10-18-11:11:59,Australia,945.0,0.0,Allspark: MCN (5166),600,29240,2017-10-22 00:00,2018-03-17 23:59
5a5500fe7e4fb789c2000aa0,Allspark: ad2one IE - Ulster Bank - Mortgages - Jan2018 - AIB &amp; Bank of Ireland branches - F - 8 - 18-01-09-23:11:33,Ireland,797.0,2.0,Allspark: Ad2One IE (4223),800,27273,2018-01-09 00:00,2018-02-18 23:59
5a7174847e4fb70aff000256,Allspark: takahashi-kaihatsu-3 - 1 - 18-01-31-13:01:49,Japan,5590.0,10.0,Allspark: AdInte (8977),5600,173571,2018-02-06 00:00,2018-03-08 23:59
5a5cf39a7e4fb7791900003e,Allspark: DAA - Go Beyond - IRL - Jan-Nov 2018 - 1 - 18-01-16-00:12:42,United Kingdom,497.0,2.0,Allspark: EUR IO (5749),500,159091,2018-01-15 00:00,2018-11-30 23:59
5a5cf3a47e4fb77919000044,Allspark: DAA - Go Beyond - IRL - Jan-Nov 2018 - 2 - 18-01-16-00:12:56,United Kingdom,498.0,1.0,Allspark: EUR IO (5749),500,159091,2018-01-15 00:00,2018-11-30 23:59
5a5f08cc7e4fb7492a00004a,Allspark: C4#Hearthfull village Nara - FP4 - JPN-IO/JPN - 18.01.2018 - 4 - 18-01-17-13:01:46,Japan,1569.0,7.0,Allspark: JPN IO (2879),1000,90000,2018-01-27 00:00,2018-02-17 23:59
5a695f767e4fb74bbe000150,Allspark: l-housing3 - 3 - 18-01-25-10:10:50,Japan,3880.0,0.0,Allspark: AdInte (8977),4082,57143,2018-02-05 00:00,2018-02-18 23:59
5a7174c57e4fb70aff00026c,Allspark: takahashi-kaihatsu-3 - 3 - 18-01-31-13:01:54,Japan,830.0,5.0,Allspark: AdInte (8977),5090,40714,2018-02-08 00:00,2018-02-17 23:59
5a7bbd2a7e4fb7248c000039,Allspark: lions-moriguchi-201802 - 1 - 18-02-08-08:08:24,Japan,606.0,2.0,Allspark: AdInte (8977),4660,28571,2018-02-08 00:00,2018-02-14 23:59
5a7193c47e4fb70aff0003e8,Allspark: C2#JR_West_FP2 - DAC-JP/JPN - 01.02.2018 - 2 - 18-01-31-15:03:21,Japan,2319.0,2.0,Allspark: DAC-JP (4277),2363,111111,2018-02-01 00:00,2018-03-31 23:59
5a695f397e4fb74bbe000140,Allspark: l-housing3 - 1 - 18-01-25-10:10:50,Japan,4744.0,1.0,Allspark: AdInte (8977),4729,107144,2018-02-01 00:00,2018-02-26 23:59
5a695f577e4fb74bbe000148,Allspark: l-housing3 - 2 - 18-01-25-10:10:20,Japan,4428.0,0.0,Allspark: AdInte (8977),4572,64286,2018-02-02 00:00,2018-02-17 23:59
5a695f947e4fb74bbe000158,Allspark: l-housing3 - 4 - 18-01-25-10:10:20,Japan,4120.0,0.0,Allspark: AdInte (8977),4038,92857,2018-02-04 00:00,2018-02-26 23:59
5a5f08f37e4fb7492a000071,Allspark: C7#Hearthfull village Nara - FP7 - JPN-IO/JPN - 18.01.2018 - 7 - 18-01-17-13:01:24,Japan,24.0,0.0,Allspark: JPN IO (2879),5621,90000,2018-01-27 00:00,2018-02-17 23:59
5a7becaf7e4fb79ad4000012,Allspark: C1# BDO Auto Loan Free Dash Cam/Adspark - 1 - 18-02-08-11:11:20,Philippines,42.0,0.0,Allspark: AdSpark Inc (2096),24000,465771,2018-02-08 00:00,2018-02-28 23:59
